{
    "_ColorR": 1.0,
    "_ColorG": 1.0,
    "_ColorB": 1.0,
    "_RampLevels": 4.0,
    "_LightScalar": 1.2000000476837159,
    "_HighColorR": 0.7547169923782349,
    "_HighColorG": 0.5799364447593689,
    "_HighColorB": 0.53755784034729,
    "_HighIntensity": 4.0,
    "_LowColorR": 0.33928918838500979,
    "_LowColorG": 0.0,
    "_LowColorB": 1.0,
    "_LowIntensity": 1.3600000143051148,
    "_OutlineColorR": 0.0,
    "_OutlineColorG": 0.0,
    "_OutlineColorB": 0.10899999737739563,
    "_OutlineSize": 10.0,
    "_RimColorR": 1.0,
    "_RimColorG": 1.0,
    "_RimColorB": 1.0,
    "_RimAlpha": 0.0,
    "_RimPower": 0.0,
    "_RimDropOff": 0.0,
    "_FresnelColorR": 0.9622641801834106,
    "_FresnelColorG": 0.9462812542915344,
    "_FresnelColorB": 0.02269490621984005,
    "_FresnelBrightness": 0.46700000762939455,
    "_FresnelPower": 0.5199999809265137,
    "_FresnelShadowDropoff": 0.0,
    "_GradYCap": 0.0,
    "_GradIntensity": 0.0
}